<?xml version="1.0" encoding="UTF-8"?>
<!DOCTYPE fontscolors PUBLIC "-//NetBeans//DTD Editor Fonts and Colors settings 1.1//EN" "http://www.netbeans.org/dtds/EditorFontsColors-1_1.dtd">
<fontscolors>
    <fontcolor name="mark-occurrences"/>
    <fontcolor foreColor="ff66ff66" name="identifier"/>
    <fontcolor default="field" foreColor="red" name="markup-attribute"/>
    <fontcolor foreColor="yellow" name="string"/>
    <fontcolor default="identifier" foreColor="cyan" name="method"/>
    <fontcolor foreColor="white" name="error" waveUnderlined="red"/>
    <fontcolor name="separator"/>
    <fontcolor foreColor="white" name="operator"/>
    <fontcolor name="url" underline="blue"/>
    <fontcolor foreColor="ffcc66ff" name="number"/>
    <fontcolor bgColor="ff333333" foreColor="white" name="default">
        <font name="Ricty Diminished" size="16"/>
    </fontcolor>
    <fontcolor default="identifier" foreColor="black" name="field"/>
    <fontcolor foreColor="yellow" name="char"/>
    <fontcolor name="warning" waveUnderlined="red"/>
    <fontcolor foreColor="lightGray" name="comment">
        <font style="italic"/>
    </fontcolor>
    <fontcolor foreColor="ffff0099" name="keyword"/>
    <fontcolor name="whitespace" underline="ff333333"/>
</fontscolors>
