<?xml version="1.0" encoding="UTF-8"?>
<!DOCTYPE fontscolors PUBLIC "-//NetBeans//DTD Editor Fonts and Colors settings 1.1//EN" "http://www.netbeans.org/dtds/EditorFontsColors-1_1.dtd">
<fontscolors>
    <fontcolor foreColor="ff999999" name="code-folding-border"/>
    <fontcolor name="west-sidebars-color"/>
    <fontcolor bgColor="lightGray" foreColor="white" name="nbeditor-bracesMatching-match">
        <font style="bold"/>
    </fontcolor>
    <fontcolor bgColor="orange" foreColor="orange" name="text-limit-line-color"/>
    <fontcolor bgColor="ff999999" name="code-folding"/>
    <fontcolor foreColor="white" name="readonly-files"/>
    <fontcolor foreColor="white" name="line-number"/>
    <fontcolor bgColor="ff999999" name="highlight-caret-row"/>
    <fontcolor name="highlight-search" underline="orange"/>
    <fontcolor bgColor="ff999999" name="caret-color-overwrite-mode"/>
    <fontcolor foreColor="ff999999" name="code-folding-bar"/>
    <fontcolor foreColor="ff999999" name="indent-guide-lines"/>
    <fontcolor bgColor="gray" name="guarded"/>
    <fontcolor name="trailing-whitespace" underline="pink"/>
    <fontcolor bgColor="black" foreColor="white" name="block-search"/>
    <fontcolor bgColor="ff666666" name="selection" underline="lightGray"/>
    <fontcolor bgColor="magenta" foreColor="white" name="nbeditor-bracesMatching-match-multichar">
        <font style="bold"/>
    </fontcolor>
    <fontcolor name="caret-color-insert-mode"/>
</fontscolors>
