<?xml version="1.0" encoding="UTF-8"?>
<!DOCTYPE fontscolors PUBLIC "-//NetBeans//DTD Editor Fonts and Colors settings 1.1//EN" "http://www.netbeans.org/dtds/EditorFontsColors-1_1.dtd">
<fontscolors>
    <fontcolor bgColor="ff4b1919" foreColor="pink" name="debugger-mixed_BP"/>
    <fontcolor bgColor="ff283c26" foreColor="pink" name="debugger-PC_CBP_broken"/>
    <fontcolor bgColor="ff1e501c" foreColor="pink" name="CurrentExpressionLine_DBP"/>
    <fontcolor bgColor="ff372b2b" foreColor="pink" name="OtherThreads_DBP"/>
    <fontcolor bgColor="ff283c26" foreColor="pink" name="debugger-PC_multi_BPCBP_broken"/>
    <fontcolor name="PinnedWatch"/>
    <fontcolor bgColor="ff283c26" foreColor="pink" name="OtherThread_PC"/>
    <fontcolor bgColor="ff283c26" foreColor="pink" name="debugger-PC_CBP_stroke"/>
    <fontcolor bgColor="ff283c26" foreColor="pink" name="debugger-PC_mixedBP_broken"/>
    <fontcolor bgColor="ff508098" foreColor="gray" name="loadgenProfilingPoint"/>
    <fontcolor bgColor="ff1e501c" foreColor="pink" name="CurrentExpressionLine_CBP"/>
    <fontcolor bgColor="ff283c26" foreColor="pink" name="debugger-PC_CBP"/>
    <fontcolor bgColor="ff283c26" foreColor="pink" name="debugger-PC_DBP"/>
    <fontcolor foreColor="pink" name="OtherThread"/>
    <fontcolor foreColor="gray" name="org-netbeans-spi-editor-hints-parser_annotation_warn"/>
    <fontcolor bgColor="ff283c26" foreColor="pink" name="debugger-PC_DCBP"/>
    <fontcolor foreColor="pink" name="OtherThreads"/>
    <fontcolor bgColor="ff283c26" foreColor="pink" name="debugger-PC_mixedBP"/>
    <fontcolor bgColor="ff508098" foreColor="pink" name="resetResultsProfilingPoint"/>
    <fontcolor foreColor="pink" name="org-netbeans-spi-editor-hints-parser_annotation_verifier"/>
    <fontcolor bgColor="ff372b2b" foreColor="pink" name="debugger-multi_DBPCBP"/>
    <fontcolor bgColor="ff372b2b" foreColor="pink" name="debugger-mixed_BP_broken"/>
    <fontcolor bgColor="ff372b2b" foreColor="pink" name="CondBreakpoint_broken"/>
    <fontcolor bgColor="ffd1ffbc" foreColor="pink" name="CurrentExpression"/>
    <fontcolor foreColor="pink" name="MethodBreakpoint"/>
    <fontcolor bgColor="ff283c26" foreColor="pink" name="debugger-PC_BP_stroke"/>
    <fontcolor bgColor="ff283c26" foreColor="pink" name="OtherThreads_BP_broken"/>
    <fontcolor bgColor="ff283c26" foreColor="pink" name="CurrentPC"/>
    <fontcolor bgColor="ff796977" foreColor="pink" name="CallSite"/>
    <fontcolor bgColor="ff283c26" foreColor="pink" name="debugger-PC_BP_broken"/>
    <fontcolor bgColor="ff283c26" foreColor="pink" name="debugger-PC_DBP_stroke"/>
    <fontcolor bgColor="ff283c26" foreColor="pink" name="debugger-PC_multi_DBPCBP"/>
    <fontcolor bgColor="ff372b2b" foreColor="pink" name="debugger-multi_BPCBP_broken"/>
    <fontcolor bgColor="ff372b2b" foreColor="pink" name="DisabledCondBreakpoint_stroke"/>
    <fontcolor bgColor="ff283c26" foreColor="pink" name="debugger-PC_BP"/>
    <fontcolor bgColor="ff4b1919" foreColor="pink" name="debugger-multi_BPCBP"/>
    <fontcolor bgColor="ff283c26" foreColor="pink" name="debugger-PC_DCBP_stroke"/>
    <fontcolor bgColor="ff1e501c" foreColor="pink" name="CurrentExpressionLine_DCBP"/>
    <fontcolor bgColor="ff1e501c" foreColor="pink" name="CurrentExpressionLine_BP"/>
    <fontcolor bgColor="ff283c26" foreColor="pink" name="OtherThreads_PC_BP"/>
    <fontcolor bgColor="ff283c26" foreColor="pink" name="OtherThread_BP_broken"/>
    <fontcolor bgColor="ff283c26" foreColor="pink" name="OtherThread_PC_BP"/>
    <fontcolor bgColor="ff1e501c" foreColor="pink" name="CurrentExpressionLine"/>
    <fontcolor bgColor="ff283c26" foreColor="gray" name="CurrentPCLinePart"/>
    <fontcolor bgColor="ff283c26" foreColor="pink" name="debugger-PC_multi_BPCBP"/>
    <fontcolor bgColor="ff372b2b" foreColor="pink" name="OtherThread_DBP"/>
</fontscolors>
